set_field,Ne19,He6,Ratio,sRatio
1.25,0.0001460540435699371,1.959748535610006e-05,2.9749629048760062,0.16993693993244854
1.5,0.00023147145230113743,3.298921908818327e-05,2.8008749516485656,0.12887127986418048
1.75,0.0002920829620538342,4.709052734968709e-05,2.4759449738025787,0.09579708061585684
2.0,0.000302553502498356,5.7624192525657935e-05,2.095876317959652,0.07620252057312976
2.25,0.0003374443716877405,7.516764111995569e-05,1.792006520415333,0.06254803938435831
2.5,0.0002723696849902024,8.930648662779904e-05,1.2174302329624842,0.04123983264698727
2.75,0.0002031552386972477,9.397438668231391e-05,0.8629524063992331,0.0314174105481736
3.0,0.0001002243200480511,9.959817951200127e-05,0.4016890902174065,0.019418410051715827
3.25,2.354420115569529e-05,9.087204047813622e-05,0.10342415896616632,0.009644945424718854
