set_field,Ne19,He6,Ratio,sRatio
1.25,0.00015505001177564508,1.9954394818938216e-05,2.4545483549029323,0.1377196585091354
1.5,0.00024554595006096773,3.391412329793807e-05,2.2871283133940974,0.10255394477930564
1.75,0.000308647012635643,4.8722798794935144e-05,2.001097271356216,0.07532673118528585
2.0,0.00032134934613422644,5.9724336731446294e-05,1.6996693181130957,0.05997926174694924
2.25,0.00035503280533646616,7.819825348945795e-05,1.43420020483314,0.04885504967593875
2.5,0.0002960615352254216,9.46595638980306e-05,0.9879974804897528,0.032087224424682564
2.75,0.00022345792366374156,9.76324878877067e-05,0.723002422414383,0.02522364834119148
3.0,0.00011738601868641603,0.00010569475764577773,0.3508336771928832,0.01588687784809765
3.25,2.8683671545841335e-05,9.333171055522438e-05,0.09708315126281813,0.008236109118267252
