set_field,Ne19,He6,Ratio,sRatio
1.25,0.00016258725766375967,2.0903461380489986e-05,2.796279593040645,0.1531603033348571
1.5,0.00025513035247533847,3.460145227902627e-05,2.6508191268344223,0.11684241633646114
1.75,0.00032033353597692865,5.091507640849039e-05,2.2618734433329775,0.08330340255795458
2.0,0.0003393518830617981,6.165054683741563e-05,1.9789080904049758,0.06824152697174378
2.25,0.0003726876191398771,8.221277115693626e-05,1.6297386755793588,0.053931566142415205
2.5,0.0003155041709737397,9.816262217973892e-05,1.155503453258782,0.036500932667603354
2.75,0.00023968351782186468,0.00010171909797290737,0.8471259070000839,0.028606111222998633
3.0,0.00012809208644287402,0.00010762326705544172,0.42788633983828767,0.018750585596731643
3.25,3.3688875976659285e-05,9.024936168793188e-05,0.1342006674669426,0.010581061719819552
